{
  "best_reward": 845.2786254882812,
  "best_params": {
    "learning_rate": 5.6115164153345e-05,
    "n_steps": 256,
    "ent_coef": 3.776663327107335e-05
  },
  "best_trial_number": 0,
  "n_trials_completed": 3,
  "n_trials_pruned": 1,
  "timestamp": "2025-11-02T23:14:51.615806"
}